Buyer Name,Review,Date
Syahrir S.,Flavour:pedas berapi!!  authentic product. no regrets!! your butt may regrets it. I so far ok je hehe ,23 Apr 2024
0***7,selamat sampai.tq seller...,15 Oct 2022
Nour A.,"items are so well bubble-wrapped no chance of leaking or broken jars at all..great customer serivce. delivery fast too. good job seller, rider n lazada.expiry feb 2023. still a long way to go. thumbs up ",01 Oct 2022
N***.,Delivery laju sambal ni memang fav ! I received with good condition bubble wrap tebal gils . Tq seller ,23 Jan 2024
M***.,Packed well by seller with thick layers of bubble wrapğŸ‘ğŸ¼ğŸ‘ğŸ¼ğŸ‘ğŸ¼ Sambal looks good.  Letâ€™s see what is the hype about - the taste that is,17 Apr 2023
T. L.,"ğŸ˜‹Taste:good, abit sweet  ğŸ‘œConvenience:easy to eat ............................  ",06 Dec 2024
M***r,"ğŸ˜‹Taste:Spicy and flavorful sambal!, my son loves it.    ğŸ’²Price:reasonable   ğŸ‘œConvenience:No need to battle on KA page. ",10 Nov 2024
Mawar,"All items received in good condition, thanks for the fast shipping delivery in time for iftar 1st ramashan.  ",6 days ago
n***a,"Fast delivery.  Help us with our fasting month meals.Chilled packaging keeps it fresh.,  ",3 days ago
Chong H.,"Received in good condition, fast delivery, good price, well packaged  ",24 Oct 2024
M***.,sedappppp......sampai cepat...nanti boleh repeat order.,23 Feb 2022
Rose H.,TQ seller fast delivery service bagus ğŸ‘ğŸ»ğŸ˜ŠğŸ‘ğŸ»ğŸ˜Š,31 Mar 2022
em W.,"Sambal pedas dan berperisa!,  ",02 Dec 2024
h***g,"Indulge in the authentic flavors of Malaysia., The perfect condiment for your meals., Made with organic ingredients., bagus ",16 Jan 2025
Latifah A.,Value for Money:good price  Flavour:really spicy but delicious  Item arrived super fast. I ordered at night and received it the next day before noon. It was very well packed by seller and arrived in good condition. The sambal is really spicy but delicious.  ,04 Apr 2024
Tan C.,"Fast delivery, good packing. Nuts are fresh and crunchy. Most convenient for snack while watching TV. Easy storage. Will order again  ",09 Jan 2025
Mohd A.,"Barang telah diterima dengan selamat dan penghantaran adalah cepat. Tq seller.Indulge in the authentic flavors of Malaysia., Indulge in the authentic flavors of Malaysia.,  ",20 Mar 2024
Tan C.,"Good packing, good received in good condition. Yummy and very spicy. Convenience to spice up dish ",05 Jan 2025
A***.,"Delicious sambal with a fiery kick!, Spicy and flavorful sambal!, Made with organic ingredients., ",23 Dec 2024
Akhyar A.,ğŸ˜‹Taste:good ,13 Nov 2024
WUKONG69,sedap enak delicious lazat. testimoninya? gambar saya takde kena mengena pun sebab dah habis sekali telan botol. ,18 Nov 2024
A***a,Value for Money:secukup rasa dan rasa pedas yang menyengat  ,28 Jan 2024
J***.,ğŸ’²Price:reasonable and delivery fast ...baik utk nasi  goreng rasa sedap ,21 Oct 2024
Mohd Z.,"Authentic taste of Malaysia!, Halal certified, suitable for all..at 1st, im worried that there is some leakage marks on the packaging but luckily everything is good & well preserved.Spicy and flavorful sambal!, Indulge in the authentic flavors of Malaysia., The perfect condiment for your meals.,  ",26 Aug 2024
A***.,Value for Money:dpt harga berbaloi   Flavour:tak cuba lagi tapi tahu dah mesti sebab Khairul Aming punya ,16 Mar 2024
